{
    "500": {
        "moduli": [
            3,
            5,
            10,
            23,
            47,
            113
        ],
        "accuracies": [
            33.33333333333333,
            40.0,
            55.00000000000001,
            40.18691588785047,
            30.02257336343115,
            18.904109589041095
        ]
    },
    "1000_1000_1000": {
        "moduli": [
            3,
            5,
            10,
            23,
            47,
            113
        ],
        "accuracies": [
            0.0,
            60.0,
            75.0,
            82.2429906542056,
            71.33182844243792,
            22.974559686888455
        ]
    },
    "200_200_200_200_200_200_200_200": {
        "moduli": [
            3,
            5,
            10,
            23,
            47,
            113
        ],
        "accuracies": [
            33.33333333333333,
            40.0,
            80.0,
            100.0,
            40.18058690744921,
            60.46966731898239
        ]
    }
}