{
    "300": {
        "moduli": [
            6,
            11,
            24,
            48,
            63,
            111
        ],
        "accuracies": [
            50.0,
            48.0,
            60.3448275862069,
            47.61904761904761,
            50.062893081761004,
            49.89858012170386
        ]
    },
    "200_200_200_200_200_200_200_200": {
        "moduli": [
            6,
            11,
            24,
            48,
            63,
            111
        ],
        "accuracies": [
            75.0,
            92.0,
            100.0,
            99.78354978354979,
            98.86792452830188,
            98.82352941176471
        ]
    },
    "600_600_600": {
        "moduli": [
            6,
            11,
            24,
            48,
            63,
            111
        ],
        "accuracies": [
            50.0,
            76.0,
            94.82758620689656,
            81.16883116883116,
            84.52830188679246,
            85.19269776876268
        ]
    }
}